,model,DIAL_TX_1,CREAT_TX,INR_TX,TBILI_TX,FINAL_SERUM_SODIUM,AGE_DON,SGOT_DON,SGPT_DON,HGT_CM_DON_CALC,WGT_KG_DON_CALC,SHARE_TY_3,SHARE_TY_4,SHARE_TY_5,HEP_C_ANTI_DON_1,HBV_CORE_DON_1,ETHCAT_DON_2,GENDER_DON_0,deathcirc_1,NON_HRT_DON_1,macro_1,macro_2,micro_1,micro_2,avg consistency
0,iTransplant with lambda=0.0,0.904040404040404,0.7216494845360825,0.842391304347826,0.8348623853211009,,1.0,1.0,1.0,1.0,1.0,1.0,1.0,1.0,1.0,1.0,1.0,1.0,1.0,1.0,1.0,1.0,1.0,1.0,0.9128679472806768
1,iTransplant with lambda=0.01,0.7323232323232324,0.6701030927835051,0.6766304347826086,0.7247706422018348,,1.0,1.0,1.0,1.0,1.0,1.0,1.0,1.0,1.0,1.0,1.0,1.0,1.0,1.0,1.0,1.0,1.0,1.0,0.8504784252613976
2,iTransplant with lambda=0.1,0.98989898989899,0.9948453608247424,0.9972826086956522,0.9969418960244648,,1.0,1.0,1.0,1.0,1.0,1.0,1.0,1.0,1.0,1.0,1.0,1.0,1.0,1.0,1.0,1.0,1.0,1.0,0.9973711069304813
0,INVASE,0.2424242424242424,0.5,0.4945652173913043,0.4801223241590214,,0.525,0.5075,0.5125,0.0975,0.355,0.41,0.22,0.655,0.42,0.17,0.37,0.34,0.515,0.635,0.59,0.505,0.31,0.13,0.416513972996821
0,BC,0.2272727272727272,0.4020618556701031,0.4510869565217391,0.400611620795107,,0.525,0.51,0.525,0.5325,0.51,0.48,0.46,0.74,0.6175,0.255,0.5,0.505,0.4275,0.7275,0.5975,0.8225,0.6325,0.815,0.4679763672546818
